"Template","Title"
"add_attribute","Add Attribute"
"add_tags","Add Tags"
"apply_on_actor","Apply On Actor"
"attribute_filter_range","Attribute Filter Range"
"attribute_noise","Attribute Noise"
"attribute_rename","Attribute Rename"
"attribute_set_to_point","Attribute Set To Point"
"assets","Assets"
"attribute_random","Attribute Random"
"boolean","Boolean"
"bounds_modifier","Bounds Modifier"
"branch","Branch"
"build_rotation_from_up","Build Rotation From Up Vector"
"combine_points","Combine Points"
"compose_vector","Compose Vector"
"copy","Copy"
"clip_paths","Clip Paths"
"clip_points_by_polygon","Clip Points By Polygon"
"create_spline","Create Spline"
"create_surface_from_polygon","Create Surface From Polygon"
"create_surface_from_spline","Create Surface From Spline"
"curve_remap_density","Curve Remap Density"
"data_table_row_to_attribute_set","Data Table Row To Attribute Set"
"debug","Debug"
"decompose_vector","Decompose Vector"
"delete_tags","Delete Tags"
"density_filter","Density Filter"
"density_remap","Density Remap"
"distance","Distance"
"distance_to_density","Distance to Density"
"difference","Difference"
"dungeon_connect_rooms","Dungeon Connect Rooms"
"dungeon_expand_rooms","Dungeon Expand Rooms"
"dungeon_generator","Dungeon Generator"
"dungeon_room_candidates","Dungeon Room Candidates"
"dungeon_walls_and_doors","Dungeon Walls and Doors"
"duplicate_point","Duplicate Point"
"expression","Expression"
"filter","Filter"
"filter_data_by_attribute","Filter Data By Attribute"
"filter_data_by_tag","Filter Data By Tag"
"filter_data_by_type","Filter Data By Type"
"get_loop_index","Get Loop Index"
"get_points_count","Get Points Count"
"grid","Grid"
"input","Input"
"intersection","Intersection"
"load_alembic_file","Load Alembic File"
"load_data_table","Load Data Table"
"load_pcg_data_asset","Load PCG Data Asset"
"loop","Loop"
"make_bounds","Make Bounds"
"make_vector","Make Vector"
"match_and_set","Match And Set"
"math_op","Math"
"merge","Merge"
"mutate_seed","Mutate Seed"
"noise","Noise"
"navigation_region_sampler","Navigation Region Sampler"
"normal_to_density","Normal To Density"
"output","Output"
"partition","Partition"
"physics_overlap_query","Physics Overlap Query"
"physics_shape_sweep","Physics Shape Sweep"
"point_filter_range","Point Filter Range"
"point_from_mesh","Point From Mesh"
"point_from_player_pawn","Point From Player Pawn"
"points_from_gridmap","Points From GridMap"
"points_from_imported_scene","Points From Imported Scene"
"point_neighborhood","Point Neighborhood"
"point_to_attribute_set","Point To Attribute Set"
"points_from_scene","Points From Scene"
"points_from_tilemap","Points From TileMap"
"print_string","Print String"
"projection","Projection"
"random_color","Random Color"
"ray_cast","Ray Cast"
"reduce","Reduce"
"relax","Relax"
"remap","Remap"
"replace_tags","Replace Tags"
"remove_attribute","Remove Attributes"
"sample_mesh","Sample Mesh"
"sample_points","Sample Points"
"sample_spline","Sample Spline"
"sanity_check","Sanity Check Point Data"
"scan_meshes","Scan Meshes"
"scan_nodes","Scan Nodes"
"scan_splines","Scan Splines"
"select","Select"
"select_multi","Select (Multi)"
"select_points","Select Points"
"self_pruning","Self Pruning"
"sequence_sample","Sequence Sample"
"size","Size"
"snap_to_grid","Snap to Grid"
"sort","Sort"
"spawn_meshes","Spawn Meshes"
"spawn_nodes","Spawn Nodes"
"spawn_scenes","Spawn Scenes"
"split_splines","Split Splines"
"subgraph","Subgraph"
"substract","Substract"
"surface_sampler","Surface Sampler"
"switch","Switch"
"texture_sampler","Texture Sampler"
"transform","Transform"
"union","Union"
"volume_sampler","Volume Sampler"
